filename,line_count,itid_min,itid_max,itid_macro_avg,itid_micro_avg
output,4783,0.18721335803467376,0.9527185337406521,0.7503510457541662,0.7606858131543468
