filename,line_count,itid_min,itid_max,itid_macro_avg,itid_micro_avg
output,3074,0.14052992706091455,0.9764705606257315,0.6810420878459627,0.691161036653989
