filename,line_count,tc_min,tc_max,tc_avg
output,4783,0.8443206183377455,0.9806753633327624,0.1373654015427178
