filename,line_count,tc_min,tc_max,tc_avg
output,3074,0.8067710763706895,0.9443919344258129,0.13020924187549676
