filename,line_count,itid_min,itid_max,itid_macro_avg,itid_micro_avg
..\Data\Models\TensorFlow\NLP\GNMT\attention_wrapper.py,856,0.19497455470737915,0.9325699745547074,0.7489325869467025,0.7785518352718137
..\Data\Models\TensorFlow\NLP\GNMT\block_lstm.py,240,0.27956989247311836,0.9838709677419356,0.7689510310478054,0.7319600544932615
..\Data\Models\TensorFlow\NLP\GNMT\estimator.py,644,0.2128345269506219,0.9894459102902375,0.7624529252088432,0.7568863908827252
..\Data\Models\TensorFlow\NLP\GNMT\gnmt_model.py,544,0.3154896540169222,0.7956437965988105,0.5849794446382786,0.5900050984116044
..\Data\Models\TensorFlow\NLP\GNMT\model.py,476,0.23424003322259135,0.9226328903654484,0.7073602436999448,0.7438711252476047
..\Data\Models\TensorFlow\NLP\GNMT\model_helper.py,374,0.35846867167919805,0.9563636363636363,0.788103960962771,0.8101681698465816
