filename,line_count,tc_min,tc_max,tc_avg
..\Data\Models\TensorFlow\NLP\BERT\bert_model.py,722,0.0,1.0,0.07607918357319567
..\Data\Models\TensorFlow\CV\Inception.py,382,0.0,1.0,0.5080917102147136
..\Data\Models\TensorFlow\CV\ResNet.py,339,0.0,1.0,0.13441773351048417
..\Data\Models\TensorFlow\CV\VGG.py,261,0.15151515151515152,1.0,0.39475378787878795
..\Data\Models\TensorFlow\SR\DeepSpeech2\,478,0.5907361372254109,0.3545044589812413,0.09741602984324019
..\Data\Models\TensorFlow\NLP\GNMT\,3134,1.0,0.9845626735965946,0.1017852859433344
..\Data\Models\TensorFlow\SR\tacotron2\,1201,1.0,0.8171035350018484,0.18350656421343783
