filename,line_count,itid_min,itid_max,itid_macro_avg,itid_micro_avg
../Data/Models/PyTorch/NLP/GNMT/gnmt.py,26,0.75,1.0,0.8333333333333333,0.7857142857142857
../Data/Models/PyTorch/NLP/GNMT/seq2seq_base.py,17,0.1785714285714286,0.7142857142857144,0.43650793650793657,0.4166666666666667
../Data/Models/PyTorch/NLP/GNMT/attention.py,81,0.0,1.0,0.7817777777777778,0.7771111111111111
../Data/Models/PyTorch/NLP/GNMT/encoder.py,46,0.0,1.0,0.694662480376766,0.7120535714285715
../Data/Models/PyTorch/NLP/GNMT/decoder.py,94,0.04838709677419354,0.9999999999999999,0.7388392857142856,0.7367659222497932
