filename,line_count,itid_min,itid_max,itid_macro_avg,itid_micro_avg
..\Data\Models\PyTorch\NLP\BERT\bert_model.py,1526,0.1713836477987422,0.9481132075471701,0.6588490543843163,0.6956961980422757
..\Data\Models\PyTorch\CV\Inception.py,343,0.09090909090909091,0.9272727272727274,0.45858585858585865,0.47103496503496506
..\Data\Models\PyTorch\CV\ResNet.py,248,0.1069230769230769,0.9761538461538461,0.6916665172434402,0.7379967446346756
..\Data\Models\PyTorch\CV\VGG.py,99,0.08620689655172413,1.0,0.6812397372742199,0.6682235507633181
..\Data\Models\PyTorch\SR\DeepSpeech2,646,0.14128172176072804,0.9745662697717395,0.698014910999023,0.6952352875813961
..\Data\Models\PyTorch\NLP\GNMT,459,0.3014814031207693,0.9498635669833944,0.7006638877934902,0.6917622027631432
..\Data\Models\PyTorch\SR\tacotron2,840,0.2489323114544122,0.9936489996986382,0.7529469534262808,0.7532488475741247
