filename,line_count,itid_min,itid_max,itid_macro_avg,itid_micro_avg
..\Data\Models\TensorFlow\CV\Inception.py,382,0.02150537634408603,1.0,0.7793187625291663,0.7361143674598684
..\Data\Models\TensorFlow\CV\ResNet.py,339,0.26101694915254237,0.9417746759720834,0.6596328278456892,0.7256383392196291
..\Data\Models\TensorFlow\CV\VGG.py,261,0.3426724137931034,0.9813218390804597,0.7254682368637109,0.7120959051724138
