filename,line_count,itid_min,itid_max,itid_macro_avg,itid_micro_avg
..\Data\Models\PyTorch\NLP\GNMT\attention.py,119,0.0,1.0,0.7782874617737005,0.7714067278287462
..\Data\Models\PyTorch\NLP\GNMT\decoder.py,173,0.07446808510638299,1.0,0.7449974670719354,0.7424986361156576
..\Data\Models\PyTorch\NLP\GNMT\encoder.py,72,0.0,1.0,0.6970984680344285,0.7121305418719213
..\Data\Models\PyTorch\NLP\GNMT\gnmt.py,41,0.7187500000000001,1.0,0.8125,0.7589285714285714
..\Data\Models\PyTorch\NLP\GNMT\seq2seq_base.py,54,0.19791666666666669,0.6458333333333334,0.4108796296296296,0.38888888888888884
